[
    {
        "销售方名称": "上海得斯威国际货运有限公司宁波分公司",
        "项目": [
            {
                "项目名称": "*经纪代理服务*代理（出口）报关费",
                "金额": 125,
                "税率/征收率": "6%",
                "税额": 7.5
            },
            {
                "项目名称": "*经纪代理服务*代理（出口）仓储费/堆存费",
                "金额": 2.54,
                "税率/征收率": "6%",
                "税额": 0.15
            },
            {
                "项目名称": "*经纪代理服务*代理（出口）船东设备管理费",
                "金额": 4.75,
                "税率/征收率": "6%",
                "税额": 0.29
            },
            {
                "项目名称": "*经纪代理服务*代理（出口）单证费",
                "金额": 200,
                "税率/征收率": "6%",
                "税额": 12
            },
            {
                "项目名称": "*经纪代理服务*代理（出口）订舱费",
                "金额": 43.56,
                "税率/征收率": "6%",
                "税额": 2.61
            },
            {
                "项目名称": "*经纪代理服务*代理（出口）港口安保费",
                "金额": 5.54,
                "税率/征收率": "6%",
                "税额": 0.33
            },
            {
                "项目名称": "*经纪代理服务*代理（出口）港口操作费",
                "金额": 73.65,
                "税率/征收率": "6%",
                "税额": 4.42
            },
            {
                "项目名称": "*经纪代理服务*代理（出口）海关数据传输费",
                "金额": 30,
                "税率/征收率": "6%",
                "税额": 1.8
            },
            {
                "项目名称": "*经纪代理服务*代理（出口）环保服务费",
                "金额": 20,
                "税率/征收率": "6%",
                "税额": 1.2
            },
            {
                "项目名称": "*经纪代理服务*代理（出口）欧盟反恐申报费",
                "金额": 250,
                "税率/征收率": "6%",
                "税额": 15
            },
            {
                "项目名称": "*经纪代理服务*代理（出口）欧盟进口管制系统2(ICS2)申报费",
                "金额": 250,
                "税率/征收率": "6%",
                "税额": 15
            },
            {
                "项目名称": "*经纪代理服务*代理（出口）数据管理费",
                "金额": 0.79,
                "税率/征收率": "6%",
                "税额": 0.05
            },
            {
                "项目名称": "*经纪代理服务*代理（出口）提单电放费",
                "金额": 150,
                "税率/征收率": "6%",
                "税额": 9
            },
            {
                "项目名称": "*经纪代理服务*代理（出口）装箱费",
                "金额": 130.67,
                "税率/征收率": "6%",
                "税额": 7.84
            },
            {
                "项目名称": "*经纪代理服务*代理船公司提单费",
                "金额": 35.64,
                "税率/征收率": "6%",
                "税额": 2.14
            },
            {
                "项目名称": "*经纪代理服务*代理SOLAS/VGM 费",
                "金额": 160,
                "税率/征收率": "6%",
                "税额": 9.6
            }
        ],
        "备注": "汇丰银行宁波分行 RMB640014809011 USD020014809055 POL:CNNBO POD:ITSPE HOU:RAF0053627 MST:EGLV143564057526 VSL:CSCL PACIFIC OCEAN VOY:064W /NAME:Cherry Qian;\n收款人:王颖"
    },
    {
        "销售方名称": "浙江盈和国际物流有限公司",
        "项目": [
            {
                "项目名称": "*经纪代理服务*国际货物运输代理服务费",
                "金额": 44330,
                "税率/征收率": "免税",
                "税额": 0
            }
        ],
        "备注": "购方开户银行:中国光大银行宁波国家高新区支行; 银行账号:76880188000018042;\n销方开户银行:中信银行义乌分行; 银行账号:8110814013202316433;\n此票限付美金 USD 6200 , 汇率7.15\nL25RU06083-4清关100 , 关税3300"
    },
    {
        "销售方名称": "浙江盈和国际物流有限公司",
        "项目": [
            {
                "项目名称": "*经纪代理服务*国际货物运输代理服务费",
                "金额": 29838.5,
                "税率/征收率": "免税",
                "税额": 0
            }
        ],
        "备注": "购方开户银行:中国光大银行宁波国家高新区支行; 银行账号:76880188000018042;\n销方开户银行:中信银行义乌分行; 银行账号:8110814013202316433;\n此票限付美金 USD 4150 , 汇率7.19\nL25RU05134-1A 清关100 , 关税3300"
    },
    {
        "销售方名称": "宁波晟大国际物流有限公司",
        "项目": [
            {
                "项目名称": "*经纪代理服务*代理海运费",
                "金额": 38445.31,
                "税率/征收率": "免税",
                "税额": 0
            }
        ],
        "备注": "销售方银行及账号：浙江泰隆商业银行宁波分行营业部 RMB33030010201000036350， USD33030010201000036368\nL25RU05114\nUSD5424 汇率7.088\n此发票限付美金\n（清关费 关税 拖车费）"
    },
    {
        "销售方名称": "宁波晟大国际物流有限公司",
        "项目": [
            {
                "项目名称": "*经纪代理服务*代理海运费",
                "金额": 38445.31,
                "税率/征收率": "免税",
                "税额": 0
            }
        ],
        "备注": "销售方银行及账号：浙江泰隆商业银行宁波分行营业部 RMB33030010201000036350， USD33030010201000036368\nL25RU05114\nUSD5424 汇率7.088\n此发票限付美金\n（清关费 关税 拖车费）"
    },
    {
        "销售方名称": "敦豪全球货运（中国）有限公司青岛分公司",
        "项目": [
            {
                "项目名称": "*经纪代理服务*代理操作费",
                "金额": 300,
                "税率/征收率": "免税",
                "税额": 0
            },
            {
                "项目名称": "*经纪代理服务*代理提单费",
                "金额": 750,
                "税率/征收率": "免税",
                "税额": 0
            },
            {
                "项目名称": "*经纪代理服务*代理THC费",
                "金额": 2100,
                "税率/征收率": "免税",
                "税额": 0
            },
            {
                "项目名称": "*经纪代理服务*代理ENS费",
                "金额": 350,
                "税率/征收率": "免税",
                "税额": 0
            },
            {
                "项目名称": "*经纪代理服务*代理港杂费",
                "金额": 2084,
                "税率/征收率": "免税",
                "税额": 0
            },
            {
                "项目名称": "*经纪代理服务*代理VGM费",
                "金额": 175,
                "税率/征收率": "免税",
                "税额": 0
            },
            {
                "项目名称": "*经纪代理服务*代理预配舱单费",
                "金额": 120,
                "税率/征收率": "免税",
                "税额": 0
            }
        ],
        "备注": "TAOB85820/QGD2375602\n销方开户行及账号:渣打银行(中国)有限公司上海分行/501510859406"
    },
    {
        "销售方名称": "宁波外代新扬船务有限公司",
        "项目": [
            {
                "项目名称": "*经纪代理服务*代理海运费",
                "金额": 20626.08,
                "税率/征收率": "免税",
                "税额": 0
            }
        ],
        "备注": "销方开户行及账号：中国银行宁波市分行 355858362685\nCOSU6430618430 2025-10-03\nL25RU08140-1C\nUSD2,910.00 汇率7.0880.此发票只接受美元汇款."
    },
    {
        "销售方名称": "宁波外代新扬船务有限公司",
        "项目": [
            {
                "项目名称": "*经纪代理服务*代理海运费",
                "金额": 74317.68,
                "税率/征收率": "免税",
                "税额": 0
            }
        ],
        "备注": "销方开户行及账号：中国银行宁波市分行 355858362685\nCOSU6430698680 2025-10-28\nL25RU08140-1B\nUSD10,485.00 汇率7.0880. 此发票只接受美元汇款."
    },
    {
        "销售方名称": "宁波外代新扬船务有限公司",
        "项目": [
            {
                "项目名称": "*经纪代理服务*代理海运费",
                "金额": 20909.6,
                "税率/征收率": "免税",
                "税额": 0
            }
        ],
        "备注": "销方开户行及账号：中国银行宁波市分行 355858362685\nCOSU6431281390 2025-10-13\nL25RU08140-1A\nUSD2,950.00 汇率7.0880.此发票只接受美元汇款."
    }
]