[
    {
        "备注": "汇丰银行宁波分行 RMB640014809011 USD020014809055 POL:CNNBO POD:ITSPE HOU:RAF0053627 MST:EGLV143564057526 VSL:CSCL PACIFIC OCEAN VOY:064W /NAME:Cherry Qian;\n收款人:王颖"
    },
    {
        "备注": "购方开户银行:中国光大银行宁波国家高新区支行; 银行账号:76880188000018042;\n销方开户银行:中信银行义乌分行; 银行账号:8110814013202316433;\n此票限付美金 USD 6200 , 汇率7.15\nL25RU06083-4清关100 , 关税3300"
    },
    {
        "备注": "购方开户银行:中国光大银行宁波国家高新区支行; 银行账号:76880188000018042;\n销方开户银行:中信银行义乌分行; 银行账号:8110814013202316433;\n此票限付美金 USD 4150 , 汇率7.19\nL25RU05134-1A 清关100 , 关税3300"
    },
    {
        "备注": "销售方银行及账号：浙江泰隆商业银行宁波分行营业部 RMB33030010201000036350， USD33030010201000036368\nL25RU05114\nUSD5424 汇率7.088\n此发票限付美金\n（清关费 关税 拖车费）"
    },
    {
        "备注": "销售方银行及账号：浙江泰隆商业银行宁波分行营业部 RMB33030010201000036350， USD33030010201000036368\nL25RU05114\nUSD5424 汇率7.088\n此发票限付美金\n（清关费 关税 拖车费）"
    },
    {
        "备注": "TAOB85820/QGD2375602\n销方开户行及账号:渣打银行(中国)有限公司上海分行/501510859406"
    },
    {
        "备注": "销方开户行及账号：中国银行宁波市分行 355858362685\nCOSU6430618430 2025-10-03\nL25RU08140-1C\nUSD2,910.00 汇率7.0880.此发票只接受美元汇款."
    },
    {
        "备注": "销方开户行及账号：中国银行宁波市分行 355858362685\nCOSU6430698680 2025-10-28\nL25RU08140-1B\nUSD10,485.00 汇率7.0880. 此发票只接受美元汇款."
    },
    {
        "备注": "销方开户行及账号：中国银行宁波市分行 355858362685\nCOSU6431281390 2025-10-13\nL25RU08140-1A\nUSD2,950.00 汇率7.0880.此发票只接受美元汇款."
    }

]

